{"conv2": 6.0108999999999995e-06, "conv3": 5.5039e-06, "gather": 6.39624e-06, "scatter_add": 3.67699e-06, "maskconv2": 2.5345e-06, "conv1": 8.05035e-06, "maskconv1": 1.0987600000000001e-05, "channel": 64, "width": 56, "group": 16, "sparsity": 0.2, "granularity": 1}
{"conv2": 7.64831e-06, "conv3": 7.231739999999999e-06, "gather": 9.59234e-06, "scatter_add": 4.19503e-06, "maskconv2": 2.60266e-06, "conv1": 8.05035e-06, "maskconv1": 1.0987600000000001e-05, "channel": 64, "width": 56, "group": 16, "sparsity": 0.4, "granularity": 1}
{"conv2": 1.032451e-05, "conv3": 8.62451e-06, "gather": 1.2916220000000002e-05, "scatter_add": 4.16944e-06, "maskconv2": 2.33685e-06, "conv1": 8.05035e-06, "maskconv1": 1.0987600000000001e-05, "channel": 64, "width": 56, "group": 16, "sparsity": 0.6, "granularity": 1}
{"conv2": 1.250196e-05, "conv3": 9.70944e-06, "gather": 1.661976e-05, "scatter_add": 4.93615e-06, "maskconv2": 2.34104e-06, "conv1": 8.05035e-06, "maskconv1": 1.0987600000000001e-05, "channel": 64, "width": 56, "group": 16, "sparsity": 0.8, "granularity": 1}
{"conv2": 4.77236e-06, "conv3": 4.12727e-06, "gather": 3.86721e-06, "scatter_add": 3.33536e-06, "maskconv2": 2.3728e-06, "conv1": 8.05035e-06, "maskconv1": 1.0987600000000001e-05, "channel": 64, "width": 56, "group": 16, "sparsity": 0.2, "granularity": 2}
{"conv2": 6.7226799999999995e-06, "conv3": 9.23745e-06, "gather": 5.24858e-06, "scatter_add": 3.5758299999999997e-06, "maskconv2": 2.27576e-06, "conv1": 8.05035e-06, "maskconv1": 1.0987600000000001e-05, "channel": 64, "width": 56, "group": 16, "sparsity": 0.4, "granularity": 2}
{"conv2": 8.12603e-06, "conv3": 7.19301e-06, "gather": 6.58024e-06, "scatter_add": 3.73707e-06, "maskconv2": 2.5284e-06, "conv1": 8.05035e-06, "maskconv1": 1.0987600000000001e-05, "channel": 64, "width": 56, "group": 16, "sparsity": 0.6, "granularity": 2}
{"conv2": 9.34914e-06, "conv3": 7.97952e-06, "gather": 7.88943e-06, "scatter_add": 4.160099999999999e-06, "maskconv2": 2.25636e-06, "conv1": 8.05035e-06, "maskconv1": 1.0987600000000001e-05, "channel": 64, "width": 56, "group": 16, "sparsity": 0.8, "granularity": 2}
{"conv2": 3.64583e-06, "conv3": 3.9522800000000006e-06, "gather": 3.2464500000000005e-06, "scatter_add": 3.3066699999999996e-06, "maskconv2": 2.27689e-06, "conv1": 8.05035e-06, "maskconv1": 1.0987600000000001e-05, "channel": 64, "width": 56, "group": 16, "sparsity": 0.2, "granularity": 4}
{"conv2": 5.216319999999999e-06, "conv3": 4.952239999999999e-06, "gather": 3.65394e-06, "scatter_add": 3.5212999999999996e-06, "maskconv2": 2.23319e-06, "conv1": 8.05035e-06, "maskconv1": 1.0987600000000001e-05, "channel": 64, "width": 56, "group": 16, "sparsity": 0.4, "granularity": 4}
{"conv2": 5.79234e-06, "conv3": 5.84523e-06, "gather": 4.439890000000001e-06, "scatter_add": 3.4022200000000004e-06, "maskconv2": 2.26672e-06, "conv1": 8.05035e-06, "maskconv1": 1.0987600000000001e-05, "channel": 64, "width": 56, "group": 16, "sparsity": 0.6, "granularity": 4}
{"conv2": 6.35342e-06, "conv3": 6.171170000000001e-06, "gather": 4.976289999999999e-06, "scatter_add": 3.57145e-06, "maskconv2": 2.29928e-06, "conv1": 8.05035e-06, "maskconv1": 1.0987600000000001e-05, "channel": 64, "width": 56, "group": 16, "sparsity": 0.8, "granularity": 4}
{"conv2": 3.9139800000000004e-06, "conv3": 5.12183e-06, "gather": 3.0680400000000004e-06, "scatter_add": 3.2698899999999995e-06, "maskconv2": 2.28016e-06, "conv1": 8.05035e-06, "maskconv1": 1.0987600000000001e-05, "channel": 64, "width": 56, "group": 16, "sparsity": 0.2, "granularity": 7}
{"conv2": 4.9807599999999996e-06, "conv3": 6.74407e-06, "gather": 3.3290399999999996e-06, "scatter_add": 3.337e-06, "maskconv2": 2.29028e-06, "conv1": 8.05035e-06, "maskconv1": 1.0987600000000001e-05, "channel": 64, "width": 56, "group": 16, "sparsity": 0.4, "granularity": 7}
{"conv2": 6.06433e-06, "conv3": 6.863200000000001e-06, "gather": 3.8065e-06, "scatter_add": 3.74795e-06, "maskconv2": 2.2816900000000003e-06, "conv1": 8.05035e-06, "maskconv1": 1.0987600000000001e-05, "channel": 64, "width": 56, "group": 16, "sparsity": 0.6, "granularity": 7}
{"conv2": 7.39948e-06, "conv3": 8.956420000000001e-06, "gather": 4.18318e-06, "scatter_add": 3.4957e-06, "maskconv2": 2.29543e-06, "conv1": 8.05035e-06, "maskconv1": 1.0987600000000001e-05, "channel": 64, "width": 56, "group": 16, "sparsity": 0.8, "granularity": 7}
{"conv2": 3.6247500000000003e-06, "conv3": 4.70716e-06, "gather": 3.92719e-06, "scatter_add": 3.1524600000000005e-06, "maskconv2": 2.23883e-06, "conv1": 8.05035e-06, "maskconv1": 1.0987600000000001e-05, "channel": 64, "width": 56, "group": 16, "sparsity": 0.2, "granularity": 8}
{"conv2": 4.48614e-06, "conv3": 5.2213e-06, "gather": 3.3087200000000003e-06, "scatter_add": 3.2959899999999996e-06, "maskconv2": 2.3886399999999997e-06, "conv1": 8.05035e-06, "maskconv1": 1.0987600000000001e-05, "channel": 64, "width": 56, "group": 16, "sparsity": 0.4, "granularity": 8}
{"conv2": 6.40596e-06, "conv3": 6.2970800000000005e-06, "gather": 3.6962900000000002e-06, "scatter_add": 3.4495399999999996e-06, "maskconv2": 2.27499e-06, "conv1": 8.05035e-06, "maskconv1": 1.0987600000000001e-05, "channel": 64, "width": 56, "group": 16, "sparsity": 0.6, "granularity": 8}
{"conv2": 6.82627e-06, "conv3": 6.3248899999999995e-06, "gather": 4.21658e-06, "scatter_add": 3.67733e-06, "maskconv2": 2.29475e-06, "conv1": 8.05035e-06, "maskconv1": 1.0987600000000001e-05, "channel": 64, "width": 56, "group": 16, "sparsity": 0.8, "granularity": 8}
{"conv2": 4.20592e-06, "conv3": 8.16611e-06, "gather": 2.8445e-06, "scatter_add": 3.18577e-06, "maskconv2": 2.24424e-06, "conv1": 8.05035e-06, "maskconv1": 1.0987600000000001e-05, "channel": 64, "width": 56, "group": 16, "sparsity": 0.2, "granularity": 14}
{"conv2": 5.17248e-06, "conv3": 8.14369e-06, "gather": 3.89458e-06, "scatter_add": 3.2440999999999996e-06, "maskconv2": 2.25736e-06, "conv1": 8.05035e-06, "maskconv1": 1.0987600000000001e-05, "channel": 64, "width": 56, "group": 16, "sparsity": 0.4, "granularity": 14}
{"conv2": 5.18139e-06, "conv3": 9.42451e-06, "gather": 3.36444e-06, "scatter_add": 3.33129e-06, "maskconv2": 2.44531e-06, "conv1": 8.05035e-06, "maskconv1": 1.0987600000000001e-05, "channel": 64, "width": 56, "group": 16, "sparsity": 0.6, "granularity": 14}
{"conv2": 6.8386300000000005e-06, "conv3": 1.0808480000000002e-05, "gather": 3.5132799999999998e-06, "scatter_add": 3.874429999999999e-06, "maskconv2": 2.27244e-06, "conv1": 8.05035e-06, "maskconv1": 1.0987600000000001e-05, "channel": 64, "width": 56, "group": 16, "sparsity": 0.8, "granularity": 14}
{"conv2": 1.3294600000000001e-05, "conv3": 1.263824e-05, "gather": 3.1273600000000005e-06, "scatter_add": 3.06776e-06, "maskconv2": 2.22878e-06, "conv1": 8.05035e-06, "maskconv1": 1.0987600000000001e-05, "channel": 64, "width": 56, "group": 16, "sparsity": 0.4, "granularity": 28}
{"conv2": 6.051710000000001e-06, "conv3": 1.4321429999999999e-05, "gather": 3.3945699999999997e-06, "scatter_add": 3.1996799999999995e-06, "maskconv2": 2.21013e-06, "conv1": 8.05035e-06, "maskconv1": 1.0987600000000001e-05, "channel": 64, "width": 56, "group": 16, "sparsity": 0.6, "granularity": 28}
{"conv2": 7.68824e-06, "conv3": 1.4660590000000001e-05, "gather": 3.6928899999999996e-06, "scatter_add": 3.2958e-06, "maskconv2": 2.34231e-06, "conv1": 8.05035e-06, "maskconv1": 1.0987600000000001e-05, "channel": 64, "width": 56, "group": 16, "sparsity": 0.8, "granularity": 28}
{"conv2": 5.78554e-06, "conv3": 6.75499e-06, "gather": 3.87616e-06, "scatter_add": 3.0570899999999996e-06, "maskconv2": 2.53012e-06, "conv1": 1.057608e-05, "maskconv1": 1.468993e-05, "channel": 128, "width": 28, "group": 16, "sparsity": 0.2, "granularity": 1}
{"conv2": 2.362547e-05, "conv3": 6.064158e-05, "gather": 5.88614e-06, "scatter_add": 3.28327e-06, "maskconv2": 2.52424e-06, "conv1": 1.057608e-05, "maskconv1": 1.468993e-05, "channel": 128, "width": 28, "group": 16, "sparsity": 0.4, "granularity": 1}
{"conv2": 1.1348149999999999e-05,